{"notifications":[{"id":"Spring25-Welcome-EN","start_at":"2025-04-01T00:00:00Z","end_at":"2025-04-15T00:00:00Z","title":"Introducing Notifications","description":"Welcome to Thunderbird’s new notification system! We’ll use this space to share important updates, security alerts, and helpful tips to help you get the most out of Thunderbird.","URL":"https://support.mozilla.org/kb/notifications-thunderbird?utm_campaign=Spring25_welcome&utm_medium=desktop&utm_source=in_app&utm_content=en","CTA":"Learn more","severity":1,"type":"message","targeting":{"percent_chance":2,"exclude":[{"displayed_notifications":["PREBAKED-Spring25"]}],"include":[{"locales":["en-CA","en-GB","en-US"],"channels":["esr","release"]}]}},{"id":"Spring25-Welcome-DE","start_at":"2025-04-01T00:00:00Z","end_at":"2025-04-15T00:00:00Z","title":"Wir stellen vor: Benachrichtigungen","description":"Willkommen im neuen Benachrichtigungssystem von Thunderbird. Hier halten wir dich über wichtige Updates, Sicherheitswarnungen und praktische Tipps auf dem Laufenden, damit du das Beste aus Thunderbird herausholen kannst.","URL":"https://support.mozilla.org/kb/notifications-thunderbird?utm_campaign=Spring25_welcome&utm_medium=desktop&utm_source=in_app&utm_content=de","CTA":"Mehr erfahren","severity":1,"type":"message","targeting":{"percent_chance":2,"exclude":[{"displayed_notifications":["PREBAKED-Spring25"]}],"include":[{"locales":["de"],"channels":["esr","release"]}]}},{"id":"Spring25-Test-EN","start_at":"2025-04-15T00:00:00Z","end_at":"2025-04-30T00:00:00Z","title":"Help Keep Thunderbird Alive","description":"If you get value from using Thunderbird, please help support it. All of the work we do is funded by less than 3% of our users. We can’t do this without you.","URL":"https://updates.thunderbird.net/thunderbird/128.0/apr25/donate/?utm_campaign=apr25_appeal&utm_medium=desktop&utm_source=in_app&utm_content=en","CTA":"Click here to donate","severity":3,"type":"donation","targeting":{"percent_chance":100,"exclude":[{"displayed_notifications":["PREBAKED-Spring25"]}],"include":[{"displayed_notifications":["Spring25-Welcome-EN"],"locales":["en-CA","en-GB","en-US"],"channels":["esr","release"]}]}},{"id":"Spring25-Test-DE","start_at":"2025-04-15T00:00:00Z","end_at":"2025-04-30T00:00:00Z","title":"Helfen Sie mit, Thunderbird am Leben zu erhalten","description":"Wenn du einen persönlichen Nutzen aus Thunderbird ziehst, freuen wir uns über deine Unterstützung. Weniger als 3 % unserer NutzerInnen tragen die Kosten für das Projekt. Auch dein Beitrag macht einen Unterschied.","URL":"https://updates.thunderbird.net/thunderbird/128.0/apr25/donate/?utm_campaign=apr25_appeal&utm_medium=desktop&utm_source=in_app&utm_content=de","CTA":"Klicke hier, um zu spenden","severity":3,"type":"donation","targeting":{"percent_chance":100,"exclude":[{"displayed_notifications":["PREBAKED-Spring25"]}],"include":[{"displayed_notifications":["Spring25-Welcome-DE"],"locales":["de"],"channels":["esr","release"]}]}},{"id":"Spring25","start_at":"2025-04-01T00:00:00Z","end_at":"2025-06-30T23:59:59Z","title":"","description":"","URL":"https://updates.thunderbird.net/thunderbird/128.0/apr25/?utm_campaign=apr25_appeal&utm_medium=desktop&utm_source=new-tab&utm_content=%LOCALE%","CTA":"","severity":3,"type":"donation_tab","targeting":{"percent_chance":100,"exclude":[{"displayed_notifications":["PREBAKED-Spring25","Spring25-Welcome-EN","Spring25-Welcome-DE"]}]}}],"interactedWith":["Spring25"],"seeds":{"Spring25-Welcome-EN":9,"Spring25-Welcome-DE":4,"Spring25-Test-EN":24,"Spring25-Test-DE":11,"Spring25":4}}