{
	"C:\\Users\\Leatherman\\AppData\\Roaming\\thunderbird\\Profiles\\8u2qd38p.default-release\\ImapMail\\imap.voldemort-1.tech\\Archives.msf" : 
	{
		"aclFlags" : 0,
		"boxFlags" : 0,
		"expungedBytes" : 0,
		"flags" : 16388,
		"folderSize" : -1,
		"hierDelim" : 94,
		"indexingPriority" : "",
		"onlineName" : "Archives",
		"pendingMsgs" : 0,
		"pendingUnreadMsgs" : 0,
		"serverRecent" : 0,
		"serverTotal" : 0,
		"serverUnseen" : 0,
		"totalMsgs" : 0,
		"totalUnreadMsgs" : 0,
		"useServerRetention" : "1"
	},
	"C:\\Users\\Leatherman\\AppData\\Roaming\\thunderbird\\Profiles\\8u2qd38p.default-release\\ImapMail\\imap.voldemort-1.tech\\Deleted Items.msf" : 
	{
		"aclFlags" : 0,
		"boxFlags" : 0,
		"expungedBytes" : 0,
		"flags" : 532756,
		"folderSize" : -1,
		"hierDelim" : 94,
		"indexingPriority" : "-1",
		"onlineName" : "Deleted Items",
		"pendingMsgs" : 0,
		"pendingUnreadMsgs" : 0,
		"serverRecent" : 0,
		"serverTotal" : 0,
		"serverUnseen" : 0,
		"totalMsgs" : 0,
		"totalUnreadMsgs" : 0,
		"useServerRetention" : "1"
	},
	"C:\\Users\\Leatherman\\AppData\\Roaming\\thunderbird\\Profiles\\8u2qd38p.default-release\\ImapMail\\imap.voldemort-1.tech\\Drafts-1.msf" : 
	{
		"aclFlags" : 0,
		"boxFlags" : 0,
		"expungedBytes" : 0,
		"flags" : 134751252,
		"folderSize" : -1,
		"hierDelim" : 94,
		"indexingPriority" : "",
		"onlineName" : "Drafts",
		"pendingMsgs" : 0,
		"pendingUnreadMsgs" : 0,
		"serverRecent" : 0,
		"serverTotal" : 0,
		"serverUnseen" : 0,
		"totalMsgs" : 0,
		"totalUnreadMsgs" : 0,
		"useServerRetention" : "1"
	},
	"C:\\Users\\Leatherman\\AppData\\Roaming\\thunderbird\\Profiles\\8u2qd38p.default-release\\ImapMail\\imap.voldemort-1.tech\\Drafts.msf" : 
	{
		"MRUTime" : "1744804547",
		"aclFlags" : 0,
		"applyIncomingFilters" : "",
		"boxFlags" : 0,
		"expungedBytes" : 0,
		"flags" : 1028,
		"folderSize" : -1,
		"hierDelim" : 94,
		"indexingPriority" : "",
		"onlineName" : "Drafts",
		"pendingMsgs" : 0,
		"pendingUnreadMsgs" : 0,
		"serverRecent" : 0,
		"serverTotal" : 0,
		"serverUnseen" : 0,
		"totalMsgs" : 0,
		"totalUnreadMsgs" : 0,
		"useServerRetention" : "1"
	},
	"C:\\Users\\Leatherman\\AppData\\Roaming\\thunderbird\\Profiles\\8u2qd38p.default-release\\ImapMail\\imap.voldemort-1.tech\\INBOX.msf" : 
	{
		"MRUTime" : "1744804557",
		"aclFlags" : 0,
		"applyIncomingFilters" : "",
		"boxFlags" : 0,
		"expungedBytes" : 0,
		"flags" : 134754324,
		"folderSize" : -1,
		"hierDelim" : 94,
		"indexingPriority" : "",
		"onlineName" : "INBOX",
		"pendingMsgs" : 0,
		"pendingUnreadMsgs" : 0,
		"serverRecent" : 0,
		"serverTotal" : 0,
		"serverUnseen" : 0,
		"totalMsgs" : 25,
		"totalUnreadMsgs" : 4,
		"useServerRetention" : "1"
	},
	"C:\\Users\\Leatherman\\AppData\\Roaming\\thunderbird\\Profiles\\8u2qd38p.default-release\\ImapMail\\imap.voldemort-1.tech\\Junk Mail.msf" : 
	{
		"aclFlags" : 0,
		"boxFlags" : 0,
		"expungedBytes" : 0,
		"flags" : 1074274324,
		"folderSize" : -1,
		"hierDelim" : 94,
		"indexingPriority" : "-1",
		"onlineName" : "Junk Mail",
		"pendingMsgs" : 0,
		"pendingUnreadMsgs" : 0,
		"serverRecent" : 0,
		"serverTotal" : 0,
		"serverUnseen" : 0,
		"totalMsgs" : 0,
		"totalUnreadMsgs" : 0,
		"useServerRetention" : "1"
	},
	"C:\\Users\\Leatherman\\AppData\\Roaming\\thunderbird\\Profiles\\8u2qd38p.default-release\\ImapMail\\imap.voldemort-1.tech\\Sent Items.msf" : 
	{
		"aclFlags" : 0,
		"boxFlags" : 0,
		"expungedBytes" : 0,
		"flags" : 134750740,
		"folderSize" : -1,
		"hierDelim" : 94,
		"indexingPriority" : "60",
		"onlineName" : "Sent Items",
		"pendingMsgs" : 0,
		"pendingUnreadMsgs" : 0,
		"serverRecent" : 0,
		"serverTotal" : 0,
		"serverUnseen" : 0,
		"totalMsgs" : 0,
		"totalUnreadMsgs" : 0,
		"useServerRetention" : "1"
	},
	"C:\\Users\\Leatherman\\AppData\\Roaming\\thunderbird\\Profiles\\8u2qd38p.default-release\\ImapMail\\imap.voldemort-1.tech\\Sent.msf" : 
	{
		"aclFlags" : 0,
		"boxFlags" : 0,
		"expungedBytes" : 0,
		"flags" : 4,
		"folderSize" : -1,
		"hierDelim" : 94,
		"indexingPriority" : "",
		"onlineName" : "Sent",
		"pendingMsgs" : 0,
		"pendingUnreadMsgs" : 0,
		"serverRecent" : 0,
		"serverTotal" : 0,
		"serverUnseen" : 0,
		"totalMsgs" : 0,
		"totalUnreadMsgs" : 0,
		"useServerRetention" : "1"
	},
	"C:\\Users\\Leatherman\\AppData\\Roaming\\thunderbird\\Profiles\\8u2qd38p.default-release\\ImapMail\\imap.voldemort-1.tech\\Templates.msf" : 
	{
		"aclFlags" : 0,
		"boxFlags" : 0,
		"expungedBytes" : 0,
		"flags" : 4194308,
		"folderSize" : -1,
		"hierDelim" : 94,
		"indexingPriority" : "",
		"onlineName" : "Templates",
		"pendingMsgs" : 0,
		"pendingUnreadMsgs" : 0,
		"serverRecent" : 0,
		"serverTotal" : 0,
		"serverUnseen" : 0,
		"totalMsgs" : 0,
		"totalUnreadMsgs" : 0,
		"useServerRetention" : "1"
	},
	"C:\\Users\\Leatherman\\AppData\\Roaming\\thunderbird\\Profiles\\8u2qd38p.default-release\\ImapMail\\imap.voldemort-2.tech\\Deleted Items.msf" : 
	{
		"MRUTime" : "1744812613",
		"aclFlags" : 607,
		"applyIncomingFilters" : "",
		"boxFlags" : 327744,
		"dobayes.mailnews@mozilla.org#junk" : "",
		"expungedBytes" : 0,
		"flags" : 532756,
		"folderSize" : 0,
		"hierDelim" : 47,
		"indexingPriority" : "-1",
		"lastSyncTimeInSec" : 0,
		"nextUID" : 4,
		"onlineName" : "Deleted Items",
		"pendingMsgs" : 0,
		"pendingUnreadMsgs" : 0,
		"serverRecent" : 0,
		"serverTotal" : 1,
		"serverUnseen" : 0,
		"totalMsgs" : 0,
		"totalUnreadMsgs" : 0,
		"useServerRetention" : "1"
	},
	"C:\\Users\\Leatherman\\AppData\\Roaming\\thunderbird\\Profiles\\8u2qd38p.default-release\\ImapMail\\imap.voldemort-2.tech\\Drafts.msf" : 
	{
		"aclFlags" : 0,
		"boxFlags" : 264256,
		"expungedBytes" : 0,
		"flags" : 533508,
		"folderSize" : -1,
		"hierDelim" : 47,
		"indexingPriority" : "",
		"onlineName" : "Drafts",
		"pendingMsgs" : 0,
		"pendingUnreadMsgs" : 0,
		"serverRecent" : 0,
		"serverTotal" : 0,
		"serverUnseen" : 0,
		"totalMsgs" : 0,
		"totalUnreadMsgs" : 0,
		"useServerRetention" : "1"
	},
	"C:\\Users\\Leatherman\\AppData\\Roaming\\thunderbird\\Profiles\\8u2qd38p.default-release\\ImapMail\\imap.voldemort-2.tech\\INBOX.msf" : 
	{
		"MRUTime" : "1744813072",
		"aclFlags" : 607,
		"applyIncomingFilters" : "",
		"boxFlags" : 64,
		"dobayes.mailnews@mozilla.org#junk" : "",
		"expungedBytes" : 2306097,
		"flags" : 134754324,
		"folderSize" : 2315537,
		"hierDelim" : 47,
		"indexingPriority" : "",
		"lastSyncTimeInSec" : 1744812545,
		"nextUID" : 54,
		"onlineName" : "INBOX",
		"pendingMsgs" : 0,
		"pendingUnreadMsgs" : 0,
		"serverRecent" : 0,
		"serverTotal" : 24,
		"serverUnseen" : 0,
		"totalMsgs" : 24,
		"totalUnreadMsgs" : 0,
		"useServerRetention" : "1"
	},
	"C:\\Users\\Leatherman\\AppData\\Roaming\\thunderbird\\Profiles\\8u2qd38p.default-release\\ImapMail\\imap.voldemort-2.tech\\Junk Mail.msf" : 
	{
		"MRUTime" : "1744812614",
		"aclFlags" : 607,
		"applyIncomingFilters" : "",
		"boxFlags" : 266304,
		"dobayes.mailnews@mozilla.org#junk" : "",
		"expungedBytes" : 0,
		"flags" : 1074274324,
		"folderSize" : 0,
		"hierDelim" : 47,
		"indexingPriority" : "-1",
		"lastSyncTimeInSec" : 0,
		"nextUID" : 1,
		"onlineName" : "Junk Mail",
		"pendingMsgs" : 0,
		"pendingUnreadMsgs" : 0,
		"serverRecent" : 0,
		"serverTotal" : 0,
		"serverUnseen" : 0,
		"totalMsgs" : 0,
		"totalUnreadMsgs" : 0,
		"useServerRetention" : "1"
	},
	"C:\\Users\\Leatherman\\AppData\\Roaming\\thunderbird\\Profiles\\8u2qd38p.default-release\\ImapMail\\imap.voldemort-2.tech\\Sent Items.msf" : 
	{
		"MRUTime" : "1744812614",
		"aclFlags" : 607,
		"applyIncomingFilters" : "",
		"boxFlags" : 270400,
		"dobayes.mailnews@mozilla.org#junk" : "",
		"expungedBytes" : 0,
		"flags" : 134750740,
		"folderSize" : 0,
		"hierDelim" : 47,
		"indexingPriority" : "60",
		"lastSyncTimeInSec" : 1744812545,
		"nextUID" : 1,
		"onlineName" : "Sent Items",
		"pendingMsgs" : 0,
		"pendingUnreadMsgs" : 0,
		"serverRecent" : 0,
		"serverTotal" : 0,
		"serverUnseen" : 0,
		"totalMsgs" : 0,
		"totalUnreadMsgs" : 0,
		"useServerRetention" : "1"
	},
	"C:\\Users\\Leatherman\\AppData\\Roaming\\thunderbird\\Profiles\\8u2qd38p.default-release\\ImapMail\\imap.voldemort.tech" : 
	{
		"aclFlags" : 0,
		"boxFlags" : 0,
		"expungedBytes" : 0,
		"flags" : 0,
		"folderSize" : -1,
		"hierDelim" : 94,
		"onlineName" : "",
		"pendingMsgs" : 0,
		"pendingUnreadMsgs" : 0,
		"serverRecent" : 0,
		"serverTotal" : 0,
		"serverUnseen" : 0,
		"totalMsgs" : -1,
		"totalUnreadMsgs" : -1
	},
	"C:\\Users\\Leatherman\\AppData\\Roaming\\thunderbird\\Profiles\\8u2qd38p.default-release\\ImapMail\\imap.voldemort.tech\\Archives.msf" : 
	{
		"aclFlags" : 0,
		"boxFlags" : 0,
		"expungedBytes" : 0,
		"flags" : 16384,
		"folderSize" : -1,
		"hierDelim" : 94,
		"onlineName" : "Archives",
		"pendingMsgs" : 0,
		"pendingUnreadMsgs" : 0,
		"serverRecent" : 0,
		"serverTotal" : 0,
		"serverUnseen" : 0,
		"totalMsgs" : 0,
		"totalUnreadMsgs" : 0
	},
	"C:\\Users\\Leatherman\\AppData\\Roaming\\thunderbird\\Profiles\\8u2qd38p.default-release\\ImapMail\\imap.voldemort.tech\\Deleted Items.msf" : 
	{
		"aclFlags" : 607,
		"boxFlags" : 327744,
		"expungedBytes" : 0,
		"flags" : 532756,
		"folderSize" : -1,
		"hierDelim" : 47,
		"indexingPriority" : "-1",
		"lastSyncTimeInSec" : 0,
		"onlineName" : "Deleted Items",
		"pendingMsgs" : 0,
		"pendingUnreadMsgs" : 0,
		"serverRecent" : 0,
		"serverTotal" : 0,
		"serverUnseen" : 0,
		"totalMsgs" : 0,
		"totalUnreadMsgs" : 0,
		"useServerRetention" : "1"
	},
	"C:\\Users\\Leatherman\\AppData\\Roaming\\thunderbird\\Profiles\\8u2qd38p.default-release\\ImapMail\\imap.voldemort.tech\\Drafts-1.msf" : 
	{
		"MRUTime" : "1744297648",
		"aclFlags" : 607,
		"applyIncomingFilters" : "",
		"boxFlags" : 264256,
		"dobayes.mailnews@mozilla.org#junk" : "",
		"expungedBytes" : 0,
		"flags" : 134751252,
		"folderSize" : 0,
		"hierDelim" : 47,
		"indexingPriority" : "",
		"lastSyncTimeInSec" : 1744794491,
		"nextUID" : 1,
		"onlineName" : "Drafts",
		"pendingMsgs" : 0,
		"pendingUnreadMsgs" : 0,
		"serverRecent" : 0,
		"serverTotal" : 0,
		"serverUnseen" : 0,
		"totalMsgs" : 0,
		"totalUnreadMsgs" : 0,
		"useServerRetention" : "1"
	},
	"C:\\Users\\Leatherman\\AppData\\Roaming\\thunderbird\\Profiles\\8u2qd38p.default-release\\ImapMail\\imap.voldemort.tech\\Drafts.msf" : 
	{
		"aclFlags" : 0,
		"boxFlags" : 0,
		"expungedBytes" : 0,
		"flags" : 1024,
		"folderSize" : -1,
		"hierDelim" : 94,
		"onlineName" : "Drafts",
		"pendingMsgs" : 0,
		"pendingUnreadMsgs" : 0,
		"serverRecent" : 0,
		"serverTotal" : 0,
		"serverUnseen" : 0,
		"totalMsgs" : 0,
		"totalUnreadMsgs" : 0
	},
	"C:\\Users\\Leatherman\\AppData\\Roaming\\thunderbird\\Profiles\\8u2qd38p.default-release\\ImapMail\\imap.voldemort.tech\\INBOX.msf" : 
	{
		"MRUTime" : "1744795577",
		"aclFlags" : 607,
		"applyIncomingFilters" : "",
		"boxFlags" : 64,
		"dobayes.mailnews@mozilla.org#junk" : "",
		"expungedBytes" : 0,
		"flags" : 134754324,
		"folderSize" : 2432360,
		"hierDelim" : 47,
		"indexingPriority" : "",
		"lastSyncTimeInSec" : 1744794492,
		"nextUID" : 27,
		"onlineName" : "INBOX",
		"pendingMsgs" : 0,
		"pendingUnreadMsgs" : 0,
		"serverRecent" : 0,
		"serverTotal" : 25,
		"serverUnseen" : 0,
		"totalMsgs" : 25,
		"totalUnreadMsgs" : 7,
		"useServerRetention" : "1"
	},
	"C:\\Users\\Leatherman\\AppData\\Roaming\\thunderbird\\Profiles\\8u2qd38p.default-release\\ImapMail\\imap.voldemort.tech\\Junk Mail.msf" : 
	{
		"aclFlags" : 607,
		"boxFlags" : 266304,
		"expungedBytes" : 0,
		"flags" : 1074274324,
		"folderSize" : -1,
		"hierDelim" : 47,
		"indexingPriority" : "-1",
		"lastSyncTimeInSec" : 0,
		"onlineName" : "Junk Mail",
		"pendingMsgs" : 0,
		"pendingUnreadMsgs" : 0,
		"serverRecent" : 0,
		"serverTotal" : 0,
		"serverUnseen" : 0,
		"totalMsgs" : 0,
		"totalUnreadMsgs" : 0,
		"useServerRetention" : "1"
	},
	"C:\\Users\\Leatherman\\AppData\\Roaming\\thunderbird\\Profiles\\8u2qd38p.default-release\\ImapMail\\imap.voldemort.tech\\Sent Items.msf" : 
	{
		"aclFlags" : 607,
		"applyIncomingFilters" : "",
		"boxFlags" : 270400,
		"dobayes.mailnews@mozilla.org#junk" : "",
		"expungedBytes" : 0,
		"flags" : 134750740,
		"folderSize" : 0,
		"hierDelim" : 47,
		"indexingPriority" : "60",
		"lastSyncTimeInSec" : 1744297133,
		"nextUID" : 1,
		"onlineName" : "Sent Items",
		"pendingMsgs" : 0,
		"pendingUnreadMsgs" : 0,
		"serverRecent" : 0,
		"serverTotal" : 0,
		"serverUnseen" : 0,
		"totalMsgs" : 0,
		"totalUnreadMsgs" : 0,
		"useServerRetention" : "1"
	},
	"C:\\Users\\Leatherman\\AppData\\Roaming\\thunderbird\\Profiles\\8u2qd38p.default-release\\ImapMail\\imap.voldemort.tech\\Sent.msf" : 
	{
		"aclFlags" : 0,
		"boxFlags" : 0,
		"expungedBytes" : 0,
		"flags" : 0,
		"folderSize" : -1,
		"hierDelim" : 94,
		"onlineName" : "Sent",
		"pendingMsgs" : 0,
		"pendingUnreadMsgs" : 0,
		"serverRecent" : 0,
		"serverTotal" : 0,
		"serverUnseen" : 0,
		"totalMsgs" : 0,
		"totalUnreadMsgs" : 0
	},
	"C:\\Users\\Leatherman\\AppData\\Roaming\\thunderbird\\Profiles\\8u2qd38p.default-release\\ImapMail\\imap.voldemort.tech\\Templates.msf" : 
	{
		"aclFlags" : 0,
		"boxFlags" : 0,
		"expungedBytes" : 0,
		"flags" : 4194304,
		"folderSize" : -1,
		"hierDelim" : 94,
		"onlineName" : "Templates",
		"pendingMsgs" : 0,
		"pendingUnreadMsgs" : 0,
		"serverRecent" : 0,
		"serverTotal" : 0,
		"serverUnseen" : 0,
		"totalMsgs" : 0,
		"totalUnreadMsgs" : 0
	},
	"C:\\Users\\Leatherman\\AppData\\Roaming\\thunderbird\\Profiles\\8u2qd38p.default-release\\Mail\\Local Folders" : 
	{
		"expungedBytes" : 0,
		"flags" : 28,
		"folderName" : "\u041b\u043e\u043a\u0430\u043b\u044c\u043d\u044b\u0435 \u043f\u0430\u043f\u043a\u0438",
		"folderSize" : -1,
		"pendingMsgs" : 0,
		"pendingUnreadMsgs" : 0,
		"totalMsgs" : -1,
		"totalUnreadMsgs" : -1
	},
	"C:\\Users\\Leatherman\\AppData\\Roaming\\thunderbird\\Profiles\\8u2qd38p.default-release\\Mail\\Local Folders\\Trash.msf" : 
	{
		"MRUTime" : "1744813061",
		"expungedBytes" : 0,
		"flags" : 260,
		"folderName" : "\u0423\u0434\u0430\u043b\u0451\u043d\u043d\u044b\u0435",
		"folderSize" : 0,
		"indexingPriority" : "",
		"pendingMsgs" : 0,
		"pendingUnreadMsgs" : 0,
		"totalMsgs" : 0,
		"totalUnreadMsgs" : 0,
		"useServerRetention" : "1"
	},
	"C:\\Users\\Leatherman\\AppData\\Roaming\\thunderbird\\Profiles\\8u2qd38p.default-release\\Mail\\Local Folders\\Unsent Messages.msf" : 
	{
		"expungedBytes" : 0,
		"flags" : 2052,
		"folderName" : "\u0418\u0441\u0445\u043e\u0434\u044f\u0449\u0438\u0435",
		"folderSize" : 0,
		"indexingPriority" : "",
		"pendingMsgs" : 0,
		"pendingUnreadMsgs" : 0,
		"totalMsgs" : 0,
		"totalUnreadMsgs" : 0,
		"useServerRetention" : "1"
	}
}