{"nextId":3,"logins":[{"id":2,"hostname":"smtp://smtp.voldemort.tech","httpRealm":"smtp://smtp.voldemort.tech","formSubmitURL":null,"usernameField":"","passwordField":"","encryptedUsername":"MEoEEPgAAAAAAAAAAAAAAAAAAAEwFAYIKoZIhvcNAwcECJ4rPmU7Q69CBCA6jFDc5kUUbKQtOvDh/jWX5z5LAy4ZvP51gODHbwh1Og==","encryptedPassword":"MDoEEPgAAAAAAAAAAAAAAAAAAAEwFAYIKoZIhvcNAwcECGPSlcwL69lSBBAxZ87j4TF2n4EjarbgaQuT","guid":"{2fda74fc-4278-4296-b962-9b729dadb8e9}","encType":1,"timeCreated":1744297122162,"timeLastUsed":1744297122162,"timePasswordChanged":1744297122162,"timesUsed":1,"syncCounter":1,"everSynced":false,"encryptedUnknownFields":"MDIEEPgAAAAAAAAAAAAAAAAAAAEwFAYIKoZIhvcNAwcECKhEU5wBKihjBAiWscB9iA6pBA=="}],"potentiallyVulnerablePasswords":[],"dismissedBreachAlertsByLoginGUID":{},"version":3}