{"nextId":3,"logins":[{"id":1,"hostname":"imap://imap.voldemort.tech","httpRealm":"imap://imap.voldemort.tech","formSubmitURL":null,"usernameField":"","passwordField":"","encryptedUsername":"MEoEEPgAAAAAAAAAAAAAAAAAAAEwFAYIKoZIhvcNAwcECDWzWnutIKqeBCD4gL+XGGmj/kc+mRIDpt/4+zLlKM/V6r1llTTfBhwrdg==","encryptedPassword":"MDoEEPgAAAAAAAAAAAAAAAAAAAEwFAYIKoZIhvcNAwcECM+RPCOWseDZBBC9DmYHYQdyYoQW/ktORPMt","guid":"{e5d7a3b5-068d-421b-8a7e-58ecf4ca6fc0}","encType":1,"timeCreated":1744297122133,"timeLastUsed":1744297122133,"timePasswordChanged":1744297122133,"timesUsed":1,"syncCounter":1,"everSynced":false,"encryptedUnknownFields":"MDIEEPgAAAAAAAAAAAAAAAAAAAEwFAYIKoZIhvcNAwcECIkM/LB096wTBAi8kFrYSMqKpQ=="},{"id":2,"hostname":"smtp://smtp.voldemort.tech","httpRealm":"smtp://smtp.voldemort.tech","formSubmitURL":null,"usernameField":"","passwordField":"","encryptedUsername":"MEoEEPgAAAAAAAAAAAAAAAAAAAEwFAYIKoZIhvcNAwcECJ4rPmU7Q69CBCA6jFDc5kUUbKQtOvDh/jWX5z5LAy4ZvP51gODHbwh1Og==","encryptedPassword":"MDoEEPgAAAAAAAAAAAAAAAAAAAEwFAYIKoZIhvcNAwcECGPSlcwL69lSBBAxZ87j4TF2n4EjarbgaQuT","guid":"{2fda74fc-4278-4296-b962-9b729dadb8e9}","encType":1,"timeCreated":1744297122162,"timeLastUsed":1744297122162,"timePasswordChanged":1744297122162,"timesUsed":1,"syncCounter":1,"everSynced":false,"encryptedUnknownFields":"MDIEEPgAAAAAAAAAAAAAAAAAAAEwFAYIKoZIhvcNAwcECKhEU5wBKihjBAiWscB9iA6pBA=="}],"potentiallyVulnerablePasswords":[],"dismissedBreachAlertsByLoginGUID":{},"version":3}