{"chrome://messenger/content/messenger.xhtml":{"task-tree-filtergroup":{"value":"throughcurrent"},"unifinder-search-results-tree-col-title":{"ordinal":"1"},"unifinder-search-results-tree-col-startdate":{"ordinal":"3"},"unifinder-search-results-tree-col-enddate":{"ordinal":"5"},"unifinder-search-results-tree-col-categories":{"ordinal":"7"},"unifinder-search-results-tree-col-location":{"ordinal":"9"},"unifinder-search-results-tree-col-status":{"ordinal":"11"},"unifinder-search-results-tree-col-calendarname":{"ordinal":"13"},"today-pane-splitter":{"hidden":"true"},"today-none-box":{"collapsed":"true"},"today-minimonth-box":{"collapsed":"true"},"todo-tab-panel":{"collapsed":"true"},"agenda-panel":{"collapsed":"-moz-missing\n","collapsedinmodes":"calendar"},"mini-day-box":{"collapsed":"-moz-missing\n"},"folderTree":{"mode":"all"},"quickFilterBar":{"visible":"false"},"messagepaneboxwrapper":{"collapsed":"true","width":"0"},"messengerWindow":{"screenX":"-8","screenY":"0","width":"337","height":"689","sizemode":"maximized"},"spacesToolbar":{"hidden":"false"},"calendar-task-tree":{"widths":"8 9 9 9 9 9 9 9 9 9 9 9","ordinals":"1 3 5 7 9 11 13 15 17 19 21 23"},"unifinder-todo-tree":{"widths":"0 0 0 0 0 0 0 0 0 0 0 0","ordinals":"1 1 1 1 1 1 1 1 1 1 1 1"}},"about:preferences":{"paneDeck":{"lastSelected":"paneQrExport"}}}